"ID","Result","Feature","Evidence / limitation"
"A-01","skip","First open on a phone","Phone-width browser layouts checked; no physical phone or fresh mobile-browser welcome session available."
"A-02","pass","Desktop welcome","UI: welcome offers create, join a table and DM entry points."
"A-03","skip","Home-screen installation","Requires iOS/Android installation and standalone launch on hardware. Manifest/icon presence is not an installation pass."
"A-04","skip","Airplane-mode reopen and save","Cache-file coverage and local saving pass; actual phone airplane mode and cold offline launch not exercised."
"A-05","skip","Closed app receives deployment","Logic: waiting update activates immediately and reloads once. No real new version was published during this QA."
"A-06","skip","Update banner during use","Logic: delayed installation offers the banner; visibility return requests an update. Actual deployment/switch-away journey not performed."
"A-07","skip","Actualizar","Logic: button activates the worker, removes the banner and reloads once. New deployed version not exercised."
"A-08","skip","Después","Logic: dismisses without activation/reload. Actual deployed-version banner not exercised in-browser."
"B-01","pass","Open and exit","UI: creator opens at class; Salir closes it."
"B-02","pass","Class cards and filters","UI: filters and fighter/wizard cards; hit die, saves and class details displayed."
"B-03","pass","Starting level","UI: fighter starting level changed to 2; review and created HP match that level."
"B-04","pass","Book filtering","UI: eight books reduced to PHB only; backgrounds reduced to 20 and race families to 9, with PHB labels. Logic: common source filtering applies to spells too."
"B-05","pass","Background search/custom","UI: custom background selected and persisted in draft; Sage/Soldier found in English/Spanish. Soldier and Sage grants appear automatically in skills."
"B-06","pass","Race/subrace/custom","UI: High Elf traits/languages/speed and grants; PHB tiefling creation; custom Copperkin name accepted into the next step."
"B-07","pass","Ability methods","UI: array, manual, 4d6 drop-lowest and point buy. Retest reaches exactly 27; every increment is disabled at the cap. Racial bonuses shown."
"B-08","pass","Class skill count","UI: two class selections; origin grants disabled and excluded from those two choices."
"B-09","pass","Creator spells","UI: wizard 3 cantrips, 6 book spells, 4 prepared at level 1; extra selections refused clearly. Fighter has no class-spell step. Logic covers caster limits."
"B-10","pass","Chain mail and shield","UI: fighter review and created sheet AC 18 before choosing Defense style."
"B-11","pass","Details/review/create","UI: fighter and tiefling names, languages, speed, HP, AC and skills match review."
"B-12","pass","Tiefling Thaumaturgy","UI: full PHB tiefling creator; Taumaturgia appears as a racial extra on the resulting sheet."
"B-13","pass","Draft resume","UI: exit, reload, reopen restores the step and choices; explicit resume message."
"B-14","pass","Restart confirmation/clear","UI: user accepted the restart confirmation. Creator returned to empty class step 1; reload/reopen confirmed the old draft was cleared."
"B-15","pass","Create into a table","UI/Live: valid Lantern Keep code in step 1 applies PHB, starting level 2, fixed 16/15/14/12/10/8 array and array-only method; completed fighter joins the table automatically."
"B-16","pass","Full phone creator","UI: complete fighter and tiefling flows at actual 390px; point-buy overlap found, fixed and retested. Other widths checked for the corrected cards."
"C-01","pass","Switch characters","UI: fighter, wizard, druid and pact characters; chosen sheet opens and list closes."
"C-02","pass","Create from open sheet","UI: Personajes → Crear personaje closes list and opens creator, repeatedly."
"C-03","skip","Desktop JSON download","Export was clicked; in-app browser did not deliver a download event. Earlier follow-up records a successful normal-browser round trip; not independently repeated here."
"C-04","skip","iPhone/Android export","Physical Safari/Android and native share sheet unavailable."
"C-05","skip","Export/import identical copy","Fixture imports pass. Earlier follow-up reports an exported-file round trip with magic items/multiclass; actual downloaded file was not captured here."
"C-06","pass","Broken JSON","UI: malformed file refused, current sheet preserved; validation tests reject corrupt data."
"C-07","pass","Replace-current import confirmation","UI: file chooser selected a character fixture; Importar ficha names the replacement and asks before applying. Cancel leaves QA Nara and its 34/52 HP unchanged."
"C-08","pass","Previous copy","UI: origin languages edited, recovery confirmed; preceding language list restored and toast shown."
"C-09","pass","Header/journal undo","UI: header undo restores a change; Diario Deshacer removes the added rope entry and its history record."
"C-10","pass","Two-tab update notice","UI: edit in one tab announces “Ficha actualizada desde otra pestaña” in the other."
"C-11","skip","Delete character","UI: Mi ficha → Eliminar personaje opens a confirmation. Actual removal and automatic fallback await the requested human confirmation. Logic remove/active-character protection passes."
"D-01","pass","Scores/modifiers/bonuses","Logic and UI: proficiency, expertise, bard half-proficiency implementation, effective item/beast modifiers; displayed arcana +6 after INT change."
"D-02","pass","Skill/save roll dialog","UI: d20 dialogs expose Normal, advantage/disadvantage and physical die; physical saves and attacks exercised."
"D-03","pass","Edit abilities/AC dependencies","UI: STR/INT edit updates attack/skill bonuses; equipped defense recalculates. Logic covers base/formula AC."
"D-04","pass","Proficiency/expertise","UI: Arcana proficiency + expertise saved; bonus updates with INT."
"D-05","pass","Origin/identity edit","UI: three card steps, languages edit; class, HP, inventory and feat remain. Recovery restores preceding identity."
"D-06","pass","Fire resistance","UI: manually added fire resistance; damage 2 becomes 1 with explanation."
"D-07","skip","Native PDF","Generated light print HTML and contents checked; native print dialog/PDF export unavailable."
"D-08","skip","Level-20 PDF pagination","Automated printed content covers all classes; physical page breaks/cuts in a large native PDF not verified."
"E-01","pass","Begin own turn","UI and Logic: action, bonus and reaction available."
"E-02","pass","Second action refused","UI disables spent actions; Logic refuses an additional action. Action Surge exception tested separately."
"E-03","pass","End/next turn and reaction","Logic: end preserves spent reaction; start resets tokens. UI next-turn confirmation resets action."
"E-04","pass","Typed resisted damage","UI: 2 fire damage halved to 1; reason shown."
"E-05","pass","Temporary HP first","UI: temp 7, damage 5 leaves temp 2 without changing current HP."
"E-06","pass","Zero HP","UI: unconscious/prone and death-save controls appear."
"E-07","pass","Death-save outcomes","UI physical dice: three successes stable, three failures dead, natural 20 restores 1 HP."
"E-08","pass","Heal from zero","UI and Logic: death counters clear and unconscious ends; prone correctly remains."
"E-09","pass","Conditions affect rolls","Logic: poisoned/prone disadvantage, invisible advantage, cancellation, and STR/DEX automatic failures."
"E-10","pass","Dice/results","UI: physical/digital attack and companion rolls show animated results and journal entries. This verifies the shared rolling/result system."
"E-11","pass","Spanish glossary","UI: dice notation, modifiers, advantage, components and concentration explained in Spanish."
"E-12","pass","DM Inspiration star/use","UI/Live: DM grants ★; player selects Inspiration in the requested check, physical d20 14 +3 =17; Inspiration is consumed and DM control returns to ★ Insp."
"F-01","pass","Correct to-hit","Logic and UI: weapon ability/proficiency, wizard staff, fighter weapons; live hidden-AC hit resolution."
"F-02","pass","Critical doubles dice","UI physical 20; Logic asserts doubled damage rolls, without doubling the flat modifier."
"F-03","pass","Advantage/disadvantage","Logic asserts both d20 and highest/lowest selection; UI dialogs expose both modes."
"F-04","pass","Off-hand modifier","Logic: positive modifier omitted unless Two-Weapon Fighting."
"F-05","pass","Weapon overrides","Logic: explicit INT, proficiency, +1 and extra 1d6 update attack/damage totals. The full editing form is not a separate end-to-end run."
"F-06","pass","Extra Attack","Logic: fighter 5 has two attacks per action; class matrix covers progression."
"F-07","pass","Monk unarmed","UI/Logic: full wood-elf monk 1 creator, STR 8 and DEX 17. Combat unarmed strike uses +5 to hit and 1d4+3 bludgeoning; monk Martial Arts scaling also tested."
"G-01","pass","Choose slot","UI: Detect Magic cast with a selected level-2 slot, pool 2→1; normal level-1 spending also exercised."
"G-02","pass","Fireball level 5","Logic: 10d6."
"G-03","pass","Magic Missile level 3","Logic: five darts, total 5d4+5, note states 1d4+1 each."
"G-04","pass","Level-five cantrips","Logic: Fire Bolt 2d10; Eldritch Blast two separate beams of 1d10."
"G-05","pass","Cure Wounds modifier","Logic: healing flag and spellcasting modifier included; slot scaling 2d8 at level 2."
"G-06","pass","Concentration after damage","UI: pending CON save, DC 10, fail removes concentration; damage/DC calculation uses adjusted damage."
"G-07","pass","Replace concentration","Logic: second spell replaces first; old linked local effect removed. Remote allies are covered by O-10's separate limitation."
"G-08","pass","Ritual without slots","UI: +10-minute explanation; starting Detect Magic ritual preserves 2/2 slots and records concentration."
"G-09","pass","2014 bonus spell rule","Logic: bonus spell blocks leveled action spell but permits action cantrip; reverse casting order also refused."
"G-10","pass","Solo tirar spends nothing","UI: Solo tirar Magic Missile rolls 3d4+3; slots stay 2/2 and the action remains free. This comparison used untracked combat."
"G-11","pass","No compatible slots","Logic: exhausted pools refused with “No quedan espacios…”; no mutation on rejected cast."
"G-12","pass","Pact short-rest recovery","Logic and UI: pact casting/spending; short reset restores pact and preserves ordinary spent slots."
"H-01","pass","Preference persists","UI: compact survives reload and applies to next character; full view restores detailed controls."
"H-02","pass","Metrics stay pinned while scrolling","UI: scroll position 1365px; compact metrics remain at top 8px, with HP/AC/initiative/DC/speed visible. Screenshot inspected."
"H-03","pass","HP and initiative controls","UI: compact HP opens the correct dialog; initiative uses shared d20 handler. Initiative result itself not a distinct live-table test."
"H-04","pass","Slot/resource pills","UI: slot availability 3→2; Arcane Recovery 1→0 after confirming use."
"H-05","pass","Favorites","UI: two stars show only those spells; “Ver los 7” restores all, “Solo favoritos” returns the filter."
"H-06","pass","Concentration row","UI: pending line with Tirar, Superada, Fallada; passing clears prompt. Screenshot saved."
"H-07","pass","Phone compact","UI: actual 390px, no horizontal overflow, readable controls."
"I-01","pass","Seven class resources","Logic: actual handlers for rage, Second Wind, Action Surge, ki, sorcery, channel; Bardic Inspiration use/reset. Chosen costs/action types and second-action refusal tested."
"I-02","fail","Hit Dice/rest recovery","UI single-class physical/digital healing and recovery pass. Multiclass handler accepts 3d10 when only 1d10 exists; see failure above."
"I-03","pass","Long rest","UI restores HP/temp/resources; Logic covers slot/pact recovery and half Hit Dice."
"I-04","pass","Zero-HP long rest refused","UI: clear refusal requiring at least 1 HP."
"I-05","pass","Custom resource","UI: three Map Charges pips, spend 3→2, short rest without dice restores 3/3."
"J-01","pass","Full manager/counters","UI: wizard full cards, cantrip/book/prepared counters; save reports excess clearly."
"J-02","pass","Wizard book/prepare limit","UI: add Grease to book, unprepare Magic Missile, save at 6/6; seven prepared refused. Logic tests boundary."
"J-03","pass","Cleric/druid/domain limits","Logic: both preparation boundaries enforced; Life domain spells usable and excluded from prepared count."
"J-04","pass","Bard/sorcerer known limit","Logic: actual manager validation accepts exact limit and rejects one extra for each class."
"J-05","pass","Spanish/English search","UI: Magic Missile and Proyectil mágico resolve to same card; scope/filter controls exercised."
"J-06","pass","Any-class/level DM extra","UI: wizard level 1 adds True Resurrection (level 9, another class) through whole-catalog Extra del DM; saved extra appears on the sheet."
"J-07","pass","Custom spell create/edit/cast","UI: create Cartographer Spark, select as extra, edit summary, cast from combat; action/effect recorded."
"K-01","pass","Levels 1–20","UI progression/ASI markers; matrix evaluates every class at every level."
"K-02","pass","Up-to-date/pending list","UI: automatic Amulet/feat/equipment summaries, high-elf missing-cantrip task/button and count."
"K-03","pass","Average/rolled HP","UI: fighter average and physical 8, druid average; magic-CON preview/calculation corrected and regression tested."
"K-04","pass","Required subclass","UI: cannot advance fighter 3 without subclass; Champion chosen and saved. Logic requires due subclasses."
"K-05","pass","ASI distributions/cap","UI previews +2 and +1/+1; Logic applies each and refuses >20."
"K-06","pass","Feat search/automation","UI English Resilient finds Resistente; card shows automatic effects and ability choice."
"K-07","pass","Resilient choice","UI WIS 10→11, WIS save becomes proficient +2; feat persists in class summary."
"K-08","pass","Skill Expert choices","Logic: new skill and expertise applied, missing choices rejected. Full Skilled/Skill Expert picker interaction not separately run."
"K-09","pass","Tough/Alert/Mobile/Observant","Logic: +2 HP/level, +5 initiative, +10 speed, +5 passive bonus."
"K-10","pass","Lucky","Logic: three points; short rest preserves spend, long rest restores."
"K-11","pass","War Caster concentration","Logic: actual concentration dialog selects advantage when feat present."
"K-12","pass","Armor feats","Logic: armor proficiency additions and score cap; equipped armor uses the same proficiency source."
"K-13","pass","Priest level-up/preparation save","UI: druid 5→6 prepares Aura de vitalidad and confirms; new cleric secondary level 1 chooses Life domain, cantrips, Shield of Faith and Guiding Bolt and saves. Resulting combat catalog includes the secondary spells and automatic Bless."
"K-14","pass","Pact-required invocations","UI: Improved Pact Weapon disabled before choosing a pact; warlock level 3 chooses Pact of the Blade, then the invocation becomes selectable."
"K-15","pass","Edit class choice without level","UI: independent warlock invocation editor saves Devil’s Sight and Eyes of the Rune Keeper, then changes Devil’s Sight to Improved Pact Weapon without advancing level."
"K-16","pass","XP level-ready line","UI/Live: DM grants 1000 XP to fighter 2; Clase displays that XP is enough to level up."
"L-01","pass","Level-up chooser entries","UI: mixed wizard/warlock chooser lists main class, secondary class and new class; single-class druid and tiefling chooser also exercised."
"L-02","pass","Requirement warning/override","UI: wizard with STR 8 sees barbarian STR 13 warning and can continue when prerequisites are overridden by the table."
"L-03","pass","Secondary class HP/proficiencies","UI/Logic: new barbarian secondary shows proficiencies and d12 HP. Found confirmation/HP-review bugs, fixed and retested: wizard 1, CON +2, average 7 gives 8→17 HP. Cleric secondary domain/spells also saved."
"L-04","pass","Secondary spell tables","Logic: per-class views, usable/prepared lists and caster selection; broad class-pair matrix. Full secondary manager UI is separate in L-08."
"L-05","pass","Wizard 8/cleric 1 slots","Logic: exact 4/3/3/3/1 assertion."
"L-06","pass","Secondary casting ability","Logic: cleric WIS DC/attack; caster dialog fixed in earlier pass to match class-specific stats."
"L-07","pass","Pact pays wizard spell","UI: ordinary slots exhausted, wizard Magic Missile consumes pact 2→1, normal pool unchanged."
"L-08","pass","Multiclass cards/edit controls","UI: secondary warlock card shows spells, attack/DC, choices and pending entries. Options changed and saved; Conjuros editor opened and saved unchanged."
"L-09","pass","Secondary level-four ASI step","Logic: actual LevelUp.startFor and wizard handlers advance secondary fighter 3→4, offer ASI and apply +2 STR, preserving primary level and spent slots."
"M-01","pass","Catalog/custom/quantity/weight","UI: custom Map Case 2→3 at 1.5 lb each, weight 27.5 lb; rope from catalog added and undone."
"M-02","pass","Coins","UI: gasto 3 po changes 10→7 and equivalent total; Logic covers change-making and insufficient funds. Income uses same signed transaction path."
"M-03","pass","Equipped defense/warnings","UI chain mail/shield AC and stealth warning; Logic equipment formulas/proficiencies and penalties."
"M-04","pass","Magic search/catalog","UI English Amulet of Health and Ring of Protection searches; Spanish names displayed. Matrix covers all 96 entries."
"M-05","pass","Longsword +1 naming","UI: Arma +1 with base Espada larga creates Espada larga +1, attack +2 (STR -1 + proficiency 2 + magic 1), damage 1d8+0."
"M-06","pass","Ring of Protection","UI attunement raises AC 12→13; Logic save +1 and no bonus while unattuned."
"M-07","pass","Attunement limit","Logic rejects fourth attunement; UI handler checks the same maximum before mutation."
"M-08","pass","Unattuned magic weapons","Regression: Sun Blade bonuses and extra damage inactive until attuned; activation/quantity matrix."
"M-09","pass","Amulet of Health","UI max HP rises, written CON preserved; corrected card shows 19 (objeto), +4. Regression covers written/effective separation."
"M-10","pass","+2 focus","Logic: Grimoire adds +2 to DC/attack; War Mage wand adds attack only."
"M-11","pass","Equipped magic armor","Logic: chain mail +1 only contributes when selected as equipped."
"M-12","pass","Ring of Resistance","Logic: attuned fire ring halves 10 fire damage to 5."
"M-13","pass","Wand UI charges/rest toast","UI: wand charges 7→5 with pips; long rest restores 7 and toast reports +2 recovered."
"M-14","pass","Drink healing potion","UI/Logic: Tomar rolls 2d4+2, healing toast shows 4; quantity 2→1. Generic healing helper applies HP; later long rest restores full HP. Immediate potion-only HP difference was not separately captured."
"M-15","pass","Custom magic bonuses/charges","UI: custom charm gives AC +2, saves +1 and spell DC +2; AC 12→14, DC 13→15; charges 3→2, long rest restores 3 and reports +1."
"N-01","pass","Bestiary companion","UI owl search/add; displayed HP/AC/speed/attacks. Matrix imports all 334 creatures."
"N-02","pass","Custom companion","UI Clockwork Mouse saved with 5 HP, AC 12, speed 30, Mordisco +4/1d6+2."
"N-03","pass","Companion HP/attack/damage","UI HP 5→3; d20 dialog result 10+4; damage [2]+2=4."
"N-04","pass","Level-two shape limits","Logic: standard CR 1/4, Moon CR 1, beast-only and no flight/swim."
"N-05","pass","Level-four/eight movement","Logic: swim unlocks at 4, flight and CR 1 at 8; below-level refusals asserted."
"N-06","pass","Transformation action/use","UI and Logic: Moon bonus/action choices, use spent; repeated/out-of-turn use refused."
"N-07","fail","Beast stats and proficiencies","HP/AC/physical scores/rolls now correct; wolf Stealth +4 still becomes +2 because beast proficiency is omitted."
"N-08","pass","Excess damage","UI: 20 against wolf 11 causes reversion and 9 to druid; Logic confirms temp first/excess."
"N-09","pass","Heal beast","UI 5→8 beast HP, original unchanged; regression for caps and shared helper."
"N-10","pass","Low-level casting blocked","UI/Logic: wild-shaped low-level druid refused. Level-18 component/class exceptions were not comprehensively assessed."
"N-11","pass","Voluntary return","UI returns to original druid; action tracking correction tested separately."
"O-01","pass","Join/table name","Earlier UI Goblin Road join and live campaign joins pass; current old code has expired/deleted."
"O-02","pass","Live party vitals","Live/UI HP, AC, conditions and resources; summaries include concentration/passive values and active beast vitals."
"O-03","pass","Shared roll log","UI/Live: player physical normal d20 13 appears in both player shared log and DM log."
"O-04","pass","DM request/answer","UI/Live: DM Perception DC 15 request reaches player; physical 14 +3 =17 automatically appears in DM response."
"O-05","pass","All nine DM commands","UI/Live: all listed grants delivered: typed damage 8 (temp absorbs 5, HP 22→19), heal 2→21, temp HP, Poisoned, gold +25 (10→35), Silver Lantern ×2, XP 1000, bonus d4, short-rest and long-rest prompts. Long rest restores HP 22/22."
"O-06","skip","Offline/reconnect","Earlier follow-up records pending→upload; current pass lacks a genuine disconnected device/network journey."
"O-07","skip","Offline two-device conflict","Logic detects concurrent changes; actual conflict dialog and both choice outcomes not exercised."
"O-08","pass","Shared initiative auto-switch","UI/Logic: remote own-turn event initially failed to switch routes. Fixed: DM ends/starts combat while player on Personaje; player URL becomes #combat with ES TU TURNO and reset actions."
"O-09","pass","Hidden-AC attack/status","Live: player attack resolution against secret AC, monster damage/status; secrets withheld from player responses."
"O-10","pass","Bless to allies/end propagation","UI/Live: secondary cleric casts Bless on self and fighter ally. Fighter receives Bendecir (de QA Nara); caster ends concentration; fighter effect disappears and DM logs its removal. Two sheets switched in one browser identity; distinct-role permissions tested separately."
"O-11","pass","Leave table/local character","UI/Live: QA Nara clicks Salir de la mesa, confirms, returns to join screen; its name, multiclass and 34/52 HP remain locally and the table status link disappears."
"P-01","skip","Save email/password access","Earlier follow-up records pass; new-credential entry requires a human handoff and was not repeated."
"P-02","skip","Interrupted access retry","Earlier follow-up records fix/pass; not independently repeated with credentials."
"P-03","skip","Change password","Earlier follow-up records new works/old refused. Human credential-change handoff required for a repeat."
"P-04","skip","Another-device sign-in UI","Earlier follow-up records table/backup list; current live restore used isolated synthetic sessions, not the password sign-in UI."
"P-05","pass","Restore/edit same backup","New Live: second device restores same local ID, edit updates one row; third device reads edit; unrelated users refused."
"P-06","pass","Backup count/list/Copy now UI","UI/Live: account shows 8 de 8 ficha(s) copiada(s), last-copy time and Copiar ahora; clicking temporarily disables it. Separate live sessions list and restore their owned copies, including copies absent from a local device."
"P-07","pass","Automatic new-character backup","UI/Live: full creator makes QA Cloud Monk without table code, with an existing anonymous session. Without clicking Copy now, the backup count increases from 8/8 to 9/9; observed 29 seconds after creation. Exact sub-second upload latency was not measured."
"P-08","skip","Delete cloud copy confirmation","New Live synthetic rows removed; earlier follow-up records UI deletion. UI confirmation/list disappearance not repeated here."
"P-09","skip","Existing-email account merge","Earlier follow-up records successful merge with character/copy counts; credential handoff needed to repeat."
"P-10","skip","Production CAPTCHA appears once","Local app deliberately omits widget; no fresh real-site challenge was completed. Backend concern is recorded at S-03."
"Q-01","pass","Create six-character code","Earlier DM UI and new Live campaigns create valid six-character table codes."
"Q-02","pass","Every setting drives creator/preserves log","UI/Live: saved PHB, starting level 2, house rules, array-only method and fixed 16/15/14/12/10/8 array all apply to full fighter creation. Second draft uses roll-only with minimum 18: all six 4d6 results clamp to 18. Restored original settings. Session 1 / 1000 XP history and private note survive settings saves and reload."
"Q-03","pass","Live party","Earlier DM/player UI updates together; Live independent identities synchronize character data."
"Q-04","pass","DM damage/healing/defenses","UI DM damage updates both views, reload does not duplicate it; typed defense/healing helpers tested in Logic."
"Q-05","pass","DC request/automatic answers","UI/Live: Perception request with visible DC 15, physical player result 17 arrives automatically. Area-save result replies also verified."
"Q-06","pass","All DM grants/messages/rests","UI/Live: gold, items, message, short and long rests, bonus die and Inspiration all delivered and applied in the Lantern Keep campaign; player and DM logs compared."
"Q-07","pass","Session/XP/summary","Earlier UI session start/end delivers 150 XP and summary; follow-up records save-access prompt."
"Q-08","pass","Exclusive loot claim","New Live: ten simultaneous two-player races; exactly one win, one refusal each; stored winner correct and retry refused."
"Q-09","pass","Homebrew visible","Live campaigns publish/read house rules; player cannot forge DM settings."
"Q-10","pass","Private notes retained/hidden","UI: private lantern-curse note retained after DM reload and absent from player DOM. Notes stored locally; separate-role live access controls also pass."
"Q-11","skip","Exact-name table deletion","UI: wrong typed name rejected with El nombre no coincide. Correct-name permanent deletion awaits the required at-action human confirmation; local retention after deletion not yet verified."
"Q-12","pass","Phone DM","Earlier actual 390px screenshot and width check: initiative controls wrap under names with no sideways overflow."
"R-01","pass","Spanish/English monster search","Catalog preserves English aliases/Spanish names; wolf searches and bestiary imports tested."
"R-02","fail","Completely Spanish stat block","Spanish numeric labels/actions, but wolf trait descriptions remain English; see reproducible finding."
"R-03","pass","Secret monster numbers","Live distinct-role tests: player responses omit monster HP/AC/save numbers."
"R-04","pass","Hidden/reveal","Live: hidden monster excluded, then visible after reveal."
"R-05","pass","Initiative order/turn passing","Live PC/monster order and current marker; own turn permitted, monster turn passing refused. All remove/condition UI variants not separate runs."
"R-06","pass","Monster attack/player damage","Live attack/monster damage resolution and player HP update; typed defense engine passes."
"R-07","fail","Area save/half/friendly fire","UI/Live: successful breath save halves 20→10 damage. Two-player 8-damage breath gives fighter failed 3/full 8 and druid successful 17/half 4. However monster breath target selector lists only player sheets: dragon cannot include its skeleton allies in the area. See remaining failure."
"R-08","pass","Multiclass difficulty/reload","Earlier correction uses total level; Logic asserts total-level summary; follow-up records lazy-load/reload fix. Reload result is attributed to that follow-up."
"R-09","pass","Every encounter animation type","UI: all 25 animation choices previewed, measured and screenshots visually inspected at 390px. Distinct themes/particles render; client and scroll widths both 380px for every choice after containment fix."
"R-10","pass","Launch animation/initiative request","UI/Live: prepared skeleton encounter launches player animation, adds creatures to initiative and delivers initiative request. Player physical 20 +2 gives 22 and appears in DM order."
"S-01","pass","Seven player pages on phone widths","New UI: all seven routes at actual 390px, screenshots inspected; layout measurements at 320px and 768px too. No horizontal page/control overflow in those route checks. Hardware tap/OS differences are outside this mark."
"S-02","pass","Keyboard focus/Escape","UI: Tab gives visible 3px outline; Escape closes ordinary modal. Native creator restart confirmation accepted by user, with cleared draft verified at B-14."
"S-03","fail","CAPTCHA enforcement restored","Live fresh anonymous sign-ins succeed without token. Client key is present; backend enforcement is not demonstrated and appears off for this flow."
"S-04","skip","All QA users/tables deleted","The separate loot/backup campaign and its child records were removed and verified absent. Lantern Keep permanent cleanup awaits confirmation; nine local characters (eight QA plus pre-existing Lyra Test) remain for review. Auth-identity cleanup and complete earlier table inventory require administrator access."
"S-05","skip","Migrations 001–007/all features live","Initial schema is `supabase/schema.sql` (no separately named 001 file); migrations 002–007 are present. Deployed backup/loot permissions pass Live. Complete merge/encounter/area-save sign-off is deferred."
